Best;Worst;Avarage;Median;Std;SuccessRate
1400.212060417371;1401.603707730163;1400.5376182650673;1400.4638851093287;0.21259367443499083;0.0
