Best;Worst;Avarage;Median;Std;SuccessRate
600.0;612.774502476675;605.652395484314;606.5119641560381;4.528103926255176;17.647058823529413
