Best;Worst;Avarage;Median;Std;SuccessRate
700.0;700.0098646720611;700.0008217662289;700.0;0.002521055513866832;90.19607843137256
