Best;Worst;Avarage;Median;Std;SuccessRate
100.00000000001342;100.00380455950256;100.00003033220823;100.0000000813264;0.00018503259848991882;33.33333333333333
