Best;Worst;Avarage;Median;Std;SuccessRate
634.5019499268731;646.0950049059559;642.5083402494934;642.7141500812867;1.5632978895950194;0.0
