Best;Worst;Avarage;Median;Std;SuccessRate
1400.0799158024752;1400.6607223243395;1400.314397702524;1400.309109597402;0.08958812756082637;0.0
