Best;Worst;Avarage;Median;Std;SuccessRate
1400.2344454664799;1400.9477778670873;1400.4626649269005;1400.439272234371;0.11361863436332258;0.0
