Best;Worst;Avarage;Median;Std;SuccessRate
100.0;100.00000000000001;100.0;100.0;1.8395122979579126e-15;100.0
