Best;Worst;Avarage;Median;Std;SuccessRate
900.0;958.9474284923822;917.0353946920534;908.2206905020463;15.625320932253546;1.9607843137254901
