Best;Worst;Avarage;Median;Std;SuccessRate
1026.3735613643696;1342.7001579273476;1110.2798086920996;1101.8495915223098;46.43722661927536;0.0
