Best;Worst;Avarage;Median;Std;SuccessRate
62274.44628737696;3912034088.11723;89013961.3651161;10789684.267155062;295611045.5181515;0.0
