Best;Worst;Avarage;Median;Std;SuccessRate
1400.2129230604553;1480.0711194903388;1404.7279444261885;1401.114602233174;8.167849036863233;0.0
