Best;Worst;Avarage;Median;Std;SuccessRate
14329.848873783292;1402889.0246629473;570640.8864381666;488113.66770470317;354498.41409393604;0.0
