Best;Worst;Avarage;Median;Std;SuccessRate
913.9294217614871;1176.20016686012;1088.4189408037025;1106.2603943155452;59.5333893324092;0.0
