Best;Worst;Avarage;Median;Std;SuccessRate
700.0;700.027036998029;700.0014967308279;700.0000000000001;0.004519980925935946;86.27450980392157
