Best;Worst;Avarage;Median;Std;SuccessRate
200.0;200.00000000000003;200.0;200.0;8.850508313134048e-15;100.0
