Best;Worst;Avarage;Median;Std;SuccessRate
700.0;700.6348324441949;700.0368992589736;700.0270933960874;0.05003305513763707;3.9215686274509802
