Best;Worst;Avarage;Median;Std;SuccessRate
1042.5613796014666;1143.4560935188736;1107.5641949150038;1108.9338666289595;12.988176394994074;0.0
