Best;Worst;Avarage;Median;Std;SuccessRate
1400.0827555457072;1400.5490774902753;1400.3068364834267;1400.3115358345121;0.07911698432725572;0.0
