Best;Worst;Avarage;Median;Std;SuccessRate
600.0;611.692157703376;603.8535218330586;602.7013058007575;3.566656299541323;5.88235294117647
