Best;Worst;Avarage;Median;Std;SuccessRate
189442.63740420694;5234543.746821612;1416893.0221545184;1081987.3116139688;1156802.458322813;0.0
