Best;Worst;Avarage;Median;Std;SuccessRate
635.720032301242;646.2009631652755;642.8692954361055;643.0446799775613;1.4565929631389363;0.0
