Best;Worst;Avarage;Median;Std;SuccessRate
200.0;200.00000000000006;200.0;200.00000000000003;2.277406829783245e-14;100.0
