Best;Worst;Avarage;Median;Std;SuccessRate
700.0;700.789427792659;700.0409145066922;700.0270174201078;0.07905057496827833;3.9215686274509802
