Best;Worst;Avarage;Median;Std;SuccessRate
525.7591697774276;11167533442.705967;425850241.736434;6159250.024060366;1236890278.1286705;0.0
