Best;Worst;Avarage;Median;Std;SuccessRate
700.1687084114624;874.1255415610756;710.4633621643658;703.1619316053179;19.156560061085475;0.0
