Best;Worst;Avarage;Median;Std;SuccessRate
908.9599227037038;1030.4806014956403;941.9585610171114;937.2611235004407;22.445979138082887;0.0
