Best;Worst;Avarage;Median;Std;SuccessRate
1400.0848961688955;1429.9699090462614;1402.764513916683;1401.2262396642905;4.015145233521073;0.0
