Best;Worst;Avarage;Median;Std;SuccessRate
14510.749329117138;10773311760.001015;557313910.2281902;2961428.8629396586;1318739925.4795852;0.0
