Best;Worst;Avarage;Median;Std;SuccessRate
700.0150343004807;882.891678400909;706.761850412516;701.1080664454296;17.650298697596288;0.0
