Best;Worst;Avarage;Median;Std;SuccessRate
601.7168148689914;614.1129964583249;606.1382451986012;606.0681476230435;2.237954611783696;0.0
