Best;Worst;Avarage;Median;Std;SuccessRate
901.9899181141866;954.5587940449215;925.6386100368425;930.4628867743244;15.331379672782484;0.0
