Best;Worst;Avarage;Median;Std;SuccessRate
1146825.2875512487;24633522.32822677;4986840.732136975;3417124.9578420795;4122373.4728702684;0.0
