Best;Worst;Avarage;Median;Std;SuccessRate
614.7231421534871;634.7639310035206;621.7866543609327;621.4907594029676;3.438538915821731;0.0
