Best;Worst;Avarage;Median;Std;SuccessRate
1672986.2481352175;6525483858.331743;78450576.40405819;5822998.670429655;314394555.55316097;0.0
